{"properties":{"connectionReferences":{"shared_commondataserviceforapps_1":{"runtimeSource":"embedded","connection":{"connectionReferenceLogicalName":"new_sharedcommondataserviceforapps_a5512"},"api":{"name":"shared_commondataserviceforapps"}},"shared_approvals":{"runtimeSource":"embedded","connection":{"connectionReferenceLogicalName":"crf8b_Approvals"},"api":{"name":"shared_approvals"}},"shared_office365":{"runtimeSource":"embedded","connection":{"connectionReferenceLogicalName":"crf8b_Office365Outlook"},"api":{"name":"shared_office365"}}},"definition":{"$schema":"https://schema.management.azure.com/providers/Microsoft.Logic/schemas/2016-06-01/workflowdefinition.json#","contentVersion":"1.0.0.0","parameters":{"$connections":{"defaultValue":{},"type":"Object"},"$authentication":{"defaultValue":{},"type":"SecureObject"}},"triggers":{"When_a_new_email_arrives_(V3)":{"splitOn":"@triggerOutputs()?['body/value']","type":"OpenApiConnectionNotification","inputs":{"host":{"connectionName":"shared_office365","operationId":"OnNewEmailV3","apiId":"/providers/Microsoft.PowerApps/apis/shared_office365"},"parameters":{"folderPath":"Inbox","includeAttachments":true,"subjectFilter":"Requisição de Compra","importance":"Any","fetchOnlyWithAttachment":true},"authentication":"@parameters('$authentication')"}}},"actions":{"Apply_to_each":{"foreach":"@triggerOutputs()?['body/attachments']","actions":{"Process_and_save_information_from_forms":{"runAfter":{},"metadata":{"flowSystemMetadata":{"portalOperationId":"aibuilderpredict_formsprocessing","portalOperationGroup":"aibuilder","portalOperationApiDisplayNameOverride":"AI Builder","portalOperationIconOverride":"https://psuxemea.azureedge.net/Content/Images/DesignerOperations/aiBuilder.png","portalOperationBrandColorOverride":"#742775","portalOperationApiTierOverride":"Standard"}},"type":"OpenApiConnection","inputs":{"host":{"connectionName":"shared_commondataserviceforapps_1","operationId":"aibuilderpredict_formsprocessing","apiId":"/providers/Microsoft.PowerApps/apis/shared_commondataserviceforapps"},"parameters":{"recordId":"73091883-a76a-4d39-8143-20d99d8fb694","item/requestv2/mimeType":"application/pdf","item/requestv2/base64Encoded":"@items('Apply_to_each')?['contentBytes']"},"authentication":"@parameters('$authentication')"}},"Select":{"runAfter":{"Process_and_save_information_from_forms":["Succeeded"]},"type":"Select","inputs":{"from":"@outputs('Process_and_save_information_from_forms')?['body/responsev2/predictionOutput/tables/ITENSRC/entries']","select":{"Item":"@item()?['Item/value']","Material":"@item()?['Material/value']","Quantity":"@item()?['Quantity/value']","Plant":"@item()?['Plant/value']"}}},"Start_and_wait_for_an_approval":{"runAfter":{"Create_CSV_table":["Succeeded"]},"type":"OpenApiConnectionWebhook","inputs":{"host":{"connectionName":"shared_approvals","operationId":"StartAndWaitForAnApproval","apiId":"/providers/Microsoft.PowerApps/apis/shared_approvals"},"parameters":{"approvalType":"Basic","WebhookApprovalCreationInput/title":"Nova Requisição de Compra","WebhookApprovalCreationInput/assignedTo":"admin@M365x704903.OnMicrosoft.com;","WebhookApprovalCreationInput/enableNotifications":true,"WebhookApprovalCreationInput/enableReassignment":true,"WebhookApprovalCreationInput/attachments":[{"name":"requisicao_@{outputs('Process_and_save_information_from_forms')?['body/responsev2/predictionOutput/labels/RequestNumber/value']}.csv","content":"@body('Create_CSV_table')"}]},"authentication":"@parameters('$authentication')"}},"Create_CSV_table":{"runAfter":{"Select":["Succeeded"]},"type":"Table","inputs":{"from":"@body('Select')","format":"CSV"}},"Condition":{"actions":{},"runAfter":{"Start_and_wait_for_an_approval":["Succeeded"]},"expression":{"equals":["@outputs('Start_and_wait_for_an_approval')?['body/outcome']","Approve"]},"type":"If"}},"runAfter":{},"type":"Foreach"}},"outputs":{}}},"schemaVersion":"1.0.0.0"}