<ImportExportXml version="9.2.21032.164" SolutionPackageVersion="9.2" languagecode="1033" generatedBy="CrmLive" xmlns:xsi="http://www.w3.org/2001/XMLSchema-instance">
  <SolutionManifest>
    <UniqueName>SAPRPA</UniqueName>
    <LocalizedNames>
      <LocalizedName description="SAP RPA" languagecode="1033" />
    </LocalizedNames>
    <Descriptions>
      <Description description="Upgrade of SAP RPA alpha" languagecode="1033" />
    </Descriptions>
    <Version>1.4.0.4</Version>
    <Managed>0</Managed>
    <Publisher>
      <UniqueName>Cr360b4</UniqueName>
      <LocalizedNames>
        <LocalizedName description="CDS Default Publisher" languagecode="1033" />
      </LocalizedNames>
      <Descriptions />
      <EMailAddress xsi:nil="true"></EMailAddress>
      <SupportingWebsiteUrl xsi:nil="true"></SupportingWebsiteUrl>
      <CustomizationPrefix>crf8b</CustomizationPrefix>
      <CustomizationOptionValuePrefix>64929</CustomizationOptionValuePrefix>
      <Addresses>
        <Address>
          <AddressNumber>1</AddressNumber>
          <AddressTypeCode xsi:nil="true"></AddressTypeCode>
          <City xsi:nil="true"></City>
          <County xsi:nil="true"></County>
          <Country xsi:nil="true"></Country>
          <Fax xsi:nil="true"></Fax>
          <FreightTermsCode xsi:nil="true"></FreightTermsCode>
          <ImportSequenceNumber xsi:nil="true"></ImportSequenceNumber>
          <Latitude xsi:nil="true"></Latitude>
          <Line1 xsi:nil="true"></Line1>
          <Line2 xsi:nil="true"></Line2>
          <Line3 xsi:nil="true"></Line3>
          <Longitude xsi:nil="true"></Longitude>
          <Name xsi:nil="true"></Name>
          <PostalCode xsi:nil="true"></PostalCode>
          <PostOfficeBox xsi:nil="true"></PostOfficeBox>
          <PrimaryContactName xsi:nil="true"></PrimaryContactName>
          <ShippingMethodCode xsi:nil="true"></ShippingMethodCode>
          <StateOrProvince xsi:nil="true"></StateOrProvince>
          <Telephone1 xsi:nil="true"></Telephone1>
          <Telephone2 xsi:nil="true"></Telephone2>
          <Telephone3 xsi:nil="true"></Telephone3>
          <TimeZoneRuleVersionNumber xsi:nil="true"></TimeZoneRuleVersionNumber>
          <UPSZone xsi:nil="true"></UPSZone>
          <UTCOffset xsi:nil="true"></UTCOffset>
          <UTCConversionTimeZoneCode xsi:nil="true"></UTCConversionTimeZoneCode>
        </Address>
        <Address>
          <AddressNumber>2</AddressNumber>
          <AddressTypeCode xsi:nil="true"></AddressTypeCode>
          <City xsi:nil="true"></City>
          <County xsi:nil="true"></County>
          <Country xsi:nil="true"></Country>
          <Fax xsi:nil="true"></Fax>
          <FreightTermsCode xsi:nil="true"></FreightTermsCode>
          <ImportSequenceNumber xsi:nil="true"></ImportSequenceNumber>
          <Latitude xsi:nil="true"></Latitude>
          <Line1 xsi:nil="true"></Line1>
          <Line2 xsi:nil="true"></Line2>
          <Line3 xsi:nil="true"></Line3>
          <Longitude xsi:nil="true"></Longitude>
          <Name xsi:nil="true"></Name>
          <PostalCode xsi:nil="true"></PostalCode>
          <PostOfficeBox xsi:nil="true"></PostOfficeBox>
          <PrimaryContactName xsi:nil="true"></PrimaryContactName>
          <ShippingMethodCode xsi:nil="true"></ShippingMethodCode>
          <StateOrProvince xsi:nil="true"></StateOrProvince>
          <Telephone1 xsi:nil="true"></Telephone1>
          <Telephone2 xsi:nil="true"></Telephone2>
          <Telephone3 xsi:nil="true"></Telephone3>
          <TimeZoneRuleVersionNumber xsi:nil="true"></TimeZoneRuleVersionNumber>
          <UPSZone xsi:nil="true"></UPSZone>
          <UTCOffset xsi:nil="true"></UTCOffset>
          <UTCConversionTimeZoneCode xsi:nil="true"></UTCConversionTimeZoneCode>
        </Address>
      </Addresses>
    </Publisher>
    <RootComponents>
      <RootComponent type="29" id="{7309c3ae-b50e-4c1b-a1bf-9c9e49cd3270}" behavior="0" />
      <RootComponent type="29" id="{a9c490be-df97-eb11-b1ac-00224802a42d}" behavior="0" />
      <RootComponent type="401" id="{73091883-a76a-4d39-8143-20d99d8fb694}" behavior="0" />
    </RootComponents>
    <MissingDependencies>
      <MissingDependency>
        <Required key="2" type="connectionreference" displayName="new_sharedcommondataserviceforapps_a5512" solution="Active" id.connectionreferencelogicalname="new_sharedcommondataserviceforapps_a5512" />
        <Dependent key="3" type="29" displayName="DPA - Requisiçao de Compras" id="{a9c490be-df97-eb11-b1ac-00224802a42d}" />
      </MissingDependency>
      <MissingDependency>
        <Required key="4" type="connectionreference" displayName="crf8b_Approvals" solution="Active" id.connectionreferencelogicalname="crf8b_Approvals" />
        <Dependent key="3" type="29" displayName="DPA - Requisiçao de Compras" id="{a9c490be-df97-eb11-b1ac-00224802a42d}" />
      </MissingDependency>
      <MissingDependency>
        <Required key="5" type="connectionreference" displayName="crf8b_Office365Outlook" solution="Active" id.connectionreferencelogicalname="crf8b_Office365Outlook" />
        <Dependent key="3" type="29" displayName="DPA - Requisiçao de Compras" id="{a9c490be-df97-eb11-b1ac-00224802a42d}" />
      </MissingDependency>
    </MissingDependencies>
  </SolutionManifest>
</ImportExportXml>